filename,category,title,first_author,all_authors,venue,year,doi_or_arxiv,access_type,open_access_url,download_status,file_path
AlTfaily_2025_FedGATSage.pdf,base_paper,Graph-based federated learning approach for intrusion detection in IoT networks,Fouad Al Tfaily,"Fouad Al Tfaily, Zakariya Ghalmane, Amine Brahmia, Chafiq Titouna, Djamel Sadok",Scientific Reports,2025,10.1038/s41598-025-41264-x,Fully Open Access,https://www.nature.com/articles/s41598-025-41264-x.pdf,PENDING,papers/base_paper/AlTfaily_2025_FedGATSage.pdf
Velickovic_2018_GAT.pdf,core_methods,Graph Attention Networks,Petar Velickovic,"Petar Velickovic, Guillem Cucurull, Arantxa Casanova, Adriana Romero, Pietro Lio, Yoshua Bengio",ICLR,2018,arXiv:1710.10903,Fully Open Access,https://arxiv.org/pdf/1710.10903.pdf,PENDING,papers/core_methods/Velickovic_2018_GAT.pdf
Hamilton_2017_GraphSAGE.pdf,core_methods,Inductive Representation Learning on Large Graphs,William L. Hamilton,"William L. Hamilton, Rex Ying, Jure Leskovec",NeurIPS,2017,arXiv:1706.02216,Fully Open Access,https://arxiv.org/pdf/1706.02216.pdf,PENDING,papers/core_methods/Hamilton_2017_GraphSAGE.pdf
McMahan_2017_FedAvg.pdf,core_methods,Communication-Efficient Learning of Deep Networks from Decentralized Data,H. Brendan McMahan,"H. Brendan McMahan, Eider Moore, Daniel Ramage, Seth Hampson, Blaise Aguera y Arcas",AISTATS / PMLR,2017,arXiv:1602.05629,Fully Open Access,https://arxiv.org/pdf/1602.05629.pdf,PENDING,papers/core_methods/McMahan_2017_FedAvg.pdf
Zhang_2018_Mixup.pdf,core_methods,mixup: Beyond Empirical Risk Minimization,Hongyi Zhang,"Hongyi Zhang, Moustapha Cisse, Yann N. Dauphin, David Lopez-Paz",ICLR,2018,arXiv:1710.09412,Fully Open Access,https://arxiv.org/pdf/1710.09412.pdf,PENDING,papers/core_methods/Zhang_2018_Mixup.pdf
Breiman_2001_RandomForests.pdf,core_methods,Random Forests,Leo Breiman,Leo Breiman,Machine Learning,2001,10.1023/A:1010933404324,Open Access Tech Report,https://www.stat.berkeley.edu/~breiman/randomforest2001.pdf,PENDING,papers/core_methods/Breiman_2001_RandomForests.pdf
Traag_2019_LeidenAlgorithm.pdf,community_detection,From Louvain to Leiden: guaranteeing well-connected communities,Vincent A. Traag,"Vincent A. Traag, Ludo Waltman, Nees Jan van Eck",Scientific Reports,2019,10.1038/s41598-019-41695-z,Fully Open Access,https://www.nature.com/articles/s41598-019-41695-z.pdf,PENDING,papers/community_detection/Traag_2019_LeidenAlgorithm.pdf
Blondel_2008_LouvainCommunity.pdf,community_detection,Fast unfolding of communities in large networks,Vincent D. Blondel,"Vincent D. Blondel, Jean-Loup Guillaume, Renaud Lambiotte, Etienne Lefebvre",J. Stat. Mech.,2008,arXiv:0803.0476,Open Access (arXiv),https://arxiv.org/pdf/0803.0476.pdf,PENDING,papers/community_detection/Blondel_2008_LouvainCommunity.pdf
Khosla_2020_SupCon.pdf,loss_functions,Supervised Contrastive Learning,Prannay Khosla,"Prannay Khosla, Piotr Teterwak, Chen Wang, Aaron Sarna, Yonglong Tian, Phillip Isola, Aaron Maschinot, Ce Liu, Dilip Krishnan",NeurIPS,2020,arXiv:2004.11362,Fully Open Access,https://arxiv.org/pdf/2004.11362.pdf,PENDING,papers/loss_functions/Khosla_2020_SupCon.pdf
Cui_2019_ClassBalancedLoss.pdf,loss_functions,Class-Balanced Loss Based on Effective Number of Samples,Yin Cui,"Yin Cui, Menglin Jia, Tsung-Yi Lin, Yang Song, Serge Belongie",CVPR,2019,10.1109/CVPR.2019.00949,Fully Open Access,https://openaccess.thecvf.com/content_CVPR_2019/papers/Cui_Class-Balanced_Loss_Based_on_Effective_Number_of_Samples_CVPR_2019_paper.pdf,PENDING,papers/loss_functions/Cui_2019_ClassBalancedLoss.pdf
Lin_2017_FocalLoss.pdf,loss_functions,Focal Loss for Dense Object Detection,Tsung-Yi Lin,"Tsung-Yi Lin, Priya Goyal, Ross Girshick, Kaiming He, Piotr Dollar",ICCV,2017,arXiv:1708.02002,Fully Open Access,https://arxiv.org/pdf/1708.02002.pdf,PENDING,papers/loss_functions/Lin_2017_FocalLoss.pdf
Johnson_2019_ClassImbalanceSurvey.pdf,imbalance_and_evaluation,Survey on deep learning with class imbalance,Justin M. Johnson,"Justin M. Johnson, Taghi M. Khoshgoftaar",Journal of Big Data,2019,10.1186/s40537-019-0192-5,Fully Open Access,https://journalofbigdata.springeropen.com/counter/pdf/10.1186/s40537-019-0192-5.pdf,PENDING,papers/imbalance_and_evaluation/Johnson_2019_ClassImbalanceSurvey.pdf
Zhao_2018_FederatedNonIID.pdf,imbalance_and_evaluation,Federated Learning with Non-IID Data,Yue Zhao,"Yue Zhao, Meng Li, Liangzhen Lai, Naveen Suda, Damon Civin, Vikas Chandra",arXiv,2018,arXiv:1806.00582,Fully Open Access,https://arxiv.org/pdf/1806.00582.pdf,PENDING,papers/imbalance_and_evaluation/Zhao_2018_FederatedNonIID.pdf
Alsaedi_2020_ToNIoTDataset.pdf,datasets,TON_IoT Telemetry Dataset: A New Generation Dataset of IoT and IIoT for Data-Driven Cyber Threat Detection,Abdullah Alsaedi,"Abdullah Alsaedi, Nour Moustafa, Zahir Tari, Abdun Mahmood, Adnan Anwar",IEEE Access,2020,10.1109/ACCESS.2020.3022862,Fully Open Access,https://ieeexplore.ieee.org/stamp/stamp.jsp?arnumber=9200444,PENDING,papers/datasets/Alsaedi_2020_ToNIoTDataset.pdf
Ferrag_2022_EdgeIIoTset.pdf,datasets,Edge-IIoTset: A New Comprehensive Realistic Cyber Security Dataset of IoT and IIoT Applications for Centralized and Federated Learning,Mohamed Amine Ferrag,"Mohamed Amine Ferrag, Othmane Friha, Djallel Hamouda, Leandros Maglaras, Helge Janicke",IEEE Access,2022,10.1109/ACCESS.2022.3165809,Fully Open Access,https://ieeexplore.ieee.org/stamp/stamp.jsp?arnumber=9751703,PENDING,papers/datasets/Ferrag_2022_EdgeIIoTset.pdf
Lo_2022_EGraphSAGE.pdf,literature_review,E-GraphSAGE: A Graph Neural Network based Intrusion Detection System for IoT,Wai Weng Lo,"Wai Weng Lo, Siamak Layeghy, Mohanad Sarhan, Marcus Gallagher, Marius Portmann",IEEE/IFIP NOMS,2022,arXiv:2103.16329,Fully Open Access (arXiv),https://arxiv.org/pdf/2103.16329.pdf,PENDING,papers/literature_review/Lo_2022_EGraphSAGE.pdf
Chang_2024_EResGAT.pdf,literature_review,Graph-based solutions with residuals for intrusion detection: the modified E-GraphSAGE and E-ResGAT algorithms,Liyan Chang,"Liyan Chang, Paula Branco",Applied Intelligence,2024,arXiv:2111.13597,Fully Open Access (arXiv),https://arxiv.org/pdf/2111.13597.pdf,PENDING,papers/literature_review/Chang_2024_EResGAT.pdf
Han_2025_FedSTGCN.pdf,literature_review,FedSTGCN: a novel federated spatiotemporal graph learning-based network intrusion detection method for the Internet of Things,Zhijie Han,"Zhijie Han, Yalu Wang, et al.",Frontiers of Information Technology & Electronic Engineering (FITEE),2025,10.1631/FITEE.2400932,Fully Open Access,https://www.sciopen.com/article/pdf/10.1631/FITEE.2400932.pdf,PENDING,papers/literature_review/Han_2025_FedSTGCN.pdf
PujolPerich_2022_NetGraph.pdf,literature_review,NetGraph: A Graph Neural Network Approach for Network Anomaly Detection,David Pujol-Perich,"David Pujol-Perich, Jose Suarez-Varela, Albert Cabellos-Aparicio, Pere Barlet-Ros",arXiv,2022,arXiv:2203.04169,Fully Open Access,https://arxiv.org/pdf/2203.04169.pdf,PENDING,papers/literature_review/PujolPerich_2022_NetGraph.pdf
Liu_2024_FedGNN_Survey.pdf,literature_review,"Federated Graph Neural Networks: Overview, Techniques, and Challenges",Rui Liu,"Rui Liu, Pengwei Xing, Zhaomin Deng, Shouling Ji, et al.",IEEE TNNLS / arXiv,2024,arXiv:2202.07256,Fully Open Access (arXiv),https://arxiv.org/pdf/2202.07256.pdf,PENDING,papers/literature_review/Liu_2024_FedGNN_Survey.pdf
Riahi_2024_FedMADE.pdf,literature_review,FedMADE: Robust and Dynamic Aggregation for Federated Intrusion Detection with Data Heterogeneity,Yassine Riahi,"Yassine Riahi, et al.",Springer ISC / arXiv,2024,arXiv:2407.03714,Fully Open Access,https://arxiv.org/pdf/2407.03714.pdf,PENDING,papers/literature_review/Riahi_2024_FedMADE.pdf
Youm_2025_DSFedIDS.pdf,literature_review,Enhancing Federated Intrusion Detection with Class-Specific Dynamic Sampling,Sungkwan Youm,"Sungkwan Youm, Taeyoon Kim",Applied Sciences,2025,10.3390/app15095067,Fully Open Access (MDPI),https://www.mdpi.com/2076-3417/15/9/5067/pdf,PENDING,papers/literature_review/Youm_2025_DSFedIDS.pdf
AboulEla_2024_MMNIDS.pdf,literature_review,"MM-NIDS: A Novel Multimodal Ensemble Fusion Network Intrusion Detection System Using Numeric, Text, Graph, and Quantum Representations",Samar AboulEla,"Samar AboulEla, Rasha Kashef",Sensors (MDPI),2024,10.3390/s24134196,Fully Open Access,https://www.mdpi.com/1424-8220/24/13/4196/pdf,PENDING,papers/literature_review/AboulEla_2024_MMNIDS.pdf
Ngo_2025_TKSGF.pdf,literature_review,Optimizing IoT Intrusion Detection—A Graph Neural Network Approach with Attribute-Based Graph Construction,Quoc-Dung Ngo,"Quoc-Dung Ngo, et al.",Information (MDPI),2025,10.3390/info16060410,Fully Open Access,https://www.mdpi.com/2078-2489/16/6/410/pdf,PENDING,papers/literature_review/Ngo_2025_TKSGF.pdf
Hsu_2019_NonIID.pdf,imbalance_and_evaluation,Measuring the Effects of Non-Identical Data Distribution for Federated Visual Classification,Tzu-Ming Harry Hsu,"Tzu-Ming Harry Hsu, Hang Qi, Matthew Brown",arXiv,2019,arXiv:1909.06335,Fully Open Access,https://arxiv.org/pdf/1909.06335.pdf,DOWNLOADED,papers/imbalance_and_evaluation/hsu2019noniid.pdf
Li_2020_FederatedChallenges.pdf,core_methods,"Federated Learning: Challenges, Methods, and Future Directions",Tian Li,"Tian Li, Anit Kumar Sahu, Ameet Talwalkar, Virginia Smith",IEEE Signal Processing Magazine,2020,10.1109/MSP.2020.2975749,Fully Open Access,https://arxiv.org/pdf/1908.07873.pdf,DOWNLOADED,papers/core_methods/li2020federatedchallenges.pdf
Apruzzese_2022_SoK.pdf,literature_review,SoK: The Role of Machine Learning for Network Traffic Analysis - Emerging Applications Challenges and Research Directions,Giovanni Apruzzese,"Giovanni Apruzzese, Pavel Branco, David Bajic, et al.",Computers & Security,2022,10.1016/j.cose.2022.102796,Fully Open Access,https://arxiv.org/pdf/2206.01235.pdf,DOWNLOADED,papers/literature_review/apruzzese2022sok.pdf
Rossi_2020_TGN.pdf,literature_review,Temporal Graph Networks for Deep Learning on Dynamic Graphs,Emanuele Rossi,"Emanuele Rossi, Ben Chamberlain, Fabrizio Frasca, Davide Eynard, Federico Monti, Michael Bronstein",ICML Workshop / arXiv,2020,arXiv:2006.10637,Fully Open Access,https://arxiv.org/pdf/2006.10637.pdf,DOWNLOADED,papers/literature_review/rossi2020tgn.pdf
